{"\u041a\u043e\u043c\u043f\u0430\u043d\u0438\u044f 1": {"2016": {"\u044f\u043d\u0432": [2873.9645882, 2873.9645882, 21753.76561956, 21753.76561956, 13.21134298521568], "\u0434\u0435\u043a": [null, null, null, null, null], "\u0430\u0432\u0433": [3937.15703001, 25277.87262306, 16747.05719593997, 142972.52255553997, 17.680231257891112], "\u043e\u043a\u0442": [null, null, null, null, null], "\u0438\u044e\u043b": [2469.04159904, 21340.71559305, 17031.406418160004, 126225.4653596, 16.906822670253636], "\u0438\u044e\u043d": [2495.22278236, 18871.67399401, 17463.058880970017, 109194.05894144, 17.282693011833864], "\u0430\u043f\u0440": [2763.73079327, 12831.73269851, 16282.293299979996, 72928.26522823, 17.595006076660287], "\u043c\u0430\u0440": [3592.2903015700003, 10068.00190524, 18671.61017047, 56645.97192825, 17.773553109817808], "\u043c\u0430\u0439": [3544.7185131399997, 16376.451211650001, 18802.73483223999, 91731.00006046999, 17.852690149300106], "\u043d\u043e\u044f": [null, null, null, null, null], "\u0444\u0435\u0432": [3601.74701547, 6475.71160367, 16220.596138220002, 37974.36175778, 17.05285172394843], "\u0441\u0435\u043d": [null, null, null, null, null]}, "2015": {"\u044f\u043d\u0432": [2466.42804179, 2466.42804179, 17830.699283590002, 17830.699283590002, 13.832480726428434], "\u0434\u0435\u043a": [8872.479550709999, 29624.397631469998, 22572.196158390016, 233149.93079652003, 12.706157591496128], "\u0430\u0432\u0433": [2028.32127366, 13538.31628562, 24941.80460626999, 147923.66596224, 9.152231455023486], "\u043e\u043a\u0442": [1498.72618845, 16801.34951457, 18883.94842066998, 188791.16998552997, 8.899436089017167], "\u0438\u044e\u043b": [524.72376732, 11509.99501196, 16373.011957050003, 122981.86135597, 9.35909969572213], "\u0438\u044e\u043d": [527.9927574100001, 10985.27124464, 18404.194989499985, 106608.84939892, 10.304277090107385], "\u0430\u043f\u0440": [642.5412817, 8961.49950436, 17753.11588490001, 69677.11717783, 12.861467103308035], "\u043c\u0430\u0440": [2463.8405332800003, 8318.95822266, 18444.02458399999, 51924.00129292999, 16.021412093664505], "\u043c\u0430\u0439": [1495.77898287, 10457.27848723, 18527.537231590013, 88204.65440942002, 11.855699177381721], "\u043d\u043e\u044f": [3950.56856619, 20751.91808076, 21786.56465260004, 210577.73463813, 9.854754167823772], "\u0444\u0435\u0432": [3388.6896475900003, 5855.11768938, 15649.27742534, 33479.97670893, 17.488416256329963], "\u0441\u0435\u043d": [1764.3070405, 15302.62332612, 21983.555602619996, 169907.22156486, 9.006458457257752]}}}